art_code,product_name,position,rating_value,art_category_level_2_name,link,is_adtech,image,base_price,action_price
1000351084,Молоко Parmalat безлактозное ультрапастеризованное 3.5% 1л,1,5.0,Покупайте за 1₽,https://magnit.ru/product/1000351084?shopCode=694420&shopType=express,True,https://images-foodtech.magnit.ru/4_h6wf_Oy7_oTp10mFKZr3ulDe16HHLwXlXvgqTkvYs/rs:fit:1600:1600/plain/s3://img-dostavka/catalog/uf/0f6/0f68749dc4b2d051854392443097b576/5771617fa3bdd1db959a0449812a4bce.png@webp,179.0,
1000351084,Молоко Parmalat безлактозное ультрапастеризованное 3.5% 1л,1,5.0,Покупайте за 1₽,https://magnit.ru/product/1000351084?shopCode=694420&shopType=express,True,https://images-foodtech.magnit.ru/4_h6wf_Oy7_oTp10mFKZr3ulDe16HHLwXlXvgqTkvYs/rs:fit:1600:1600/plain/s3://img-dostavka/catalog/uf/0f6/0f68749dc4b2d051854392443097b576/5771617fa3bdd1db959a0449812a4bce.png@webp,179.0,
1000189545,Сметана President 30% 350г,2,4.9,Покупайте за 1₽,https://magnit.ru/product/1000189545?shopCode=694420&shopType=express,True,https://images-foodtech.magnit.ru/fhRK9OepVeJA0IVHJYJyZaj9KTfSMGrWnax4gj1sK_E/rs:fit:1600:1600/plain/s3://img-dostavka/catalog/uf/0f0/0f056d2dcf2011b71dce7e991cb3a61f/78c0a76da0f7be14e076f29e1d98d707.png@webp,229.0,
1000189545,Сметана President 30% 350г,2,4.9,Покупайте за 1₽,https://magnit.ru/product/1000189545?shopCode=694420&shopType=express,True,https://images-foodtech.magnit.ru/fhRK9OepVeJA0IVHJYJyZaj9KTfSMGrWnax4gj1sK_E/rs:fit:1600:1600/plain/s3://img-dostavka/catalog/uf/0f0/0f056d2dcf2011b71dce7e991cb3a61f/78c0a76da0f7be14e076f29e1d98d707.png@webp,229.0,
8000075252,Напиток со вкусом клубники Fanta Strawberry 355мл,3,,Покупайте за 1₽,https://magnit.ru/product/8000075252?shopCode=694420&shopType=express,True,https://images-foodtech.magnit.ru/mxVZUvBlLYPjw7_NsgezLKPPk1tqNYKjQYAmCOW5Nns/rs:fit:1600:1600/plain/s3://img-dostavka/catalog/uf/cf5/cf57b2a51c5bd0ee3ecddb5046ec01bc/6d13a6496f12e0169c6a451c4a33a9b7.jpeg@webp,199.0,169.0
8000075252,Напиток со вкусом клубники Fanta Strawberry 355мл,3,,Покупайте за 1₽,https://magnit.ru/product/8000075252?shopCode=694420&shopType=express,True,https://images-foodtech.magnit.ru/mxVZUvBlLYPjw7_NsgezLKPPk1tqNYKjQYAmCOW5Nns/rs:fit:1600:1600/plain/s3://img-dostavka/catalog/uf/cf5/cf57b2a51c5bd0ee3ecddb5046ec01bc/6d13a6496f12e0169c6a451c4a33a9b7.jpeg@webp,199.0,169.0
8000075254,Напиток со вкусом персика Fanta Peach 355мл,4,,Покупайте за 1₽,https://magnit.ru/product/8000075254?shopCode=694420&shopType=express,True,https://images-foodtech.magnit.ru/DtvNbtXma8U5_uVm-r5Ga4o-8XQ4BMpjlEyNde2Oq4w/rs:fit:1600:1600/plain/s3://img-dostavka/catalog/uf/c78/c78659a666717bfdf151a49ac185630e/372859d3d95202245300f51e6c358f6c.jpeg@webp,169.0,
8000075254,Напиток со вкусом персика Fanta Peach 355мл,4,,Покупайте за 1₽,https://magnit.ru/product/8000075254?shopCode=694420&shopType=express,True,https://images-foodtech.magnit.ru/DtvNbtXma8U5_uVm-r5Ga4o-8XQ4BMpjlEyNde2Oq4w/rs:fit:1600:1600/plain/s3://img-dostavka/catalog/uf/c78/c78659a666717bfdf151a49ac185630e/372859d3d95202245300f51e6c358f6c.jpeg@webp,169.0,
8000075258,Напиток со вкусом ежевики Dr. Pepper Blackberry 355мл,5,5.0,Покупайте за 1₽,https://magnit.ru/product/8000075258?shopCode=694420&shopType=express,True,https://images-foodtech.magnit.ru/q3KtJxTPJ8adxYfWAxyJcdxTYkVnPwxCOufHTx3kXZA/rs:fit:1600:1600/plain/s3://img-dostavka/catalog/uf/318/3187747eb6dbdb4b7a92c01ab4981180/119e6764fce38b497f61c35d62f43b32.jpeg@webp,179.0,159.0
8000075258,Напиток со вкусом ежевики Dr. Pepper Blackberry 355мл,5,5.0,Покупайте за 1₽,https://magnit.ru/product/8000075258?shopCode=694420&shopType=express,True,https://images-foodtech.magnit.ru/q3KtJxTPJ8adxYfWAxyJcdxTYkVnPwxCOufHTx3kXZA/rs:fit:1600:1600/plain/s3://img-dostavka/catalog/uf/318/3187747eb6dbdb4b7a92c01ab4981180/119e6764fce38b497f61c35d62f43b32.jpeg@webp,179.0,159.0
1000382911,Драже M&M's с арахисом и молочным шоколадом 145г,6,5.0,Покупайте за 1₽,https://magnit.ru/product/1000382911?shopCode=694420&shopType=express,False,https://images-foodtech.magnit.ru/-QTxMZxXA34RX4vsZez6Fa1pX0twQSzRc5Vpx8Bgou8/rs:fit:1600:1600/plain/s3://img-dostavka/catalog/uf/39b/39bb5c056382e205bc6a90a1739bcb95/962eaee4466b8060ed96fcfb23fb397c.jpeg@webp,189.0,
8000053553,Смесь сыров Простосыр тертый 47% 100г,7,4.8,Покупайте за 1₽,https://magnit.ru/product/8000053553?shopCode=694420&shopType=express,False,https://images-foodtech.magnit.ru/DwXS_Hh8sPXmYUqewWXiYwZ3SQfzP9mi0eJa8Wj0PCc/rs:fit:1600:1600/plain/s3://img-dostavka/catalog/uf/1c7/1c7da2f74fdc4af301f854ec689f192e/e86f96267c1f4aefdef4bbc934d4913f.jpeg@webp,129.0,99.0
1000000732,Молоко сгущенное Коровка из Кореновки 8.5% 270г,8,5.0,Покупайте за 1₽,https://magnit.ru/product/1000000732?shopCode=694420&shopType=express,False,https://images-foodtech.magnit.ru/HjXgaNYgFFAbl78-5j4Im9EdJY81jU2v-ePYDX4783g/rs:fit:1600:1600/plain/s3://img-dostavka/catalog/uf/c55/c55607144b1bcaa35bd52bd248d0c7e1/6320a568a99ae898e566ee05d007cd50.jpeg@webp,183.0,130.0
1000520330,Зефир Lucky Days со вкусом черной смородины 250г,9,4.7,Покупайте за 1₽,https://magnit.ru/product/1000520330?shopCode=694420&shopType=express,False,https://images-foodtech.magnit.ru/Ose83ClDV3bCgkoTm0DWlhTqC_y5QptU4Dj3jcgLImk/rs:fit:1600:1600/plain/s3://img-dostavka/catalog/uf/223/22344b507cfaec5bc7dd4cca2ff845fb/a8eabdce7f3cae339a50ca277f193747.png@webp,98.0,
1042349909,Печенье Lotte в глазури Choco Pie 336,10,4.9,Покупайте за 1₽,https://magnit.ru/product/1042349909?shopCode=694420&shopType=express,False,https://images-foodtech.magnit.ru/lenJz1FO9o3yt1kFi7H59O3QbSMRTS6QkPHtglwVPSA/rs:fit:1600:1600/plain/s3://img-dostavka/catalog/uf/3fb/3fb2e1e02f8cad3cd2883ab7a3463582/71e0f3186a9fdc567a2a46f96541c7db.jpeg@webp,228.0,177.0
1000453156,Творог Село Зеленое обезжиренный 300г,11,4.9,Покупайте за 1₽,https://magnit.ru/product/1000453156?shopCode=694420&shopType=express,False,https://images-foodtech.magnit.ru/v696zEvqYPHP65qVC7mn56fk11u09pyvZaOz8aOQ0tw/rs:fit:1600:1600/plain/s3://img-dostavka/catalog/uf/715/715dcebf2a94cc61a731e851418f6001/89a920f0689f83818e413efed4322dc9.jpeg@webp,119.0,
1000422920,Подушечки Любятово с молочной начинкой 220г,12,4.8,Покупайте за 1₽,https://magnit.ru/product/1000422920?shopCode=694420&shopType=express,False,https://images-foodtech.magnit.ru/NNpWXYzTia-5F7lq8pyhLbdfQIqKVwPtcOIWotKLqGk/rs:fit:1600:1600/plain/s3://img-dostavka/catalog/uf/0bb/0bb6b2d09373261fcee46ecddba59e9b/7a1ba7dc962857e6c4b7e13b4642a622.jpeg@webp,135.0,109.0
8000085687,Колбаса Фирменная сырокопченая Дубки 180г,13,4.6,Покупайте за 1₽,https://magnit.ru/product/8000085687?shopCode=694420&shopType=express,False,https://images-foodtech.magnit.ru/tFLQCdQVJttzQlAvt_gCaSM5Iw_2sUV0R1Kono6lbjg/rs:fit:1600:1600/plain/s3://img-dostavka/catalog/uf/c09/c09ae74e6dbd11fb1f1d658560ec0fa1/99009efad1e0cd25faf9b657bdbad4f2.jpeg@webp,211.0,99.0
1000367065,Хот-дог зерновой со свиной сосиской и микс-начинкой,14,4.7,Покупайте за 1₽,https://magnit.ru/product/1000367065?shopCode=694420&shopType=express,False,https://images-foodtech.magnit.ru/q4zyz5EK3fuDCYTR0MnTs0NqLq-Ixv1tGNKiyInKrh0/rs:fit:1600:1600/plain/s3://img-dostavka/catalog/uf/0d2/0d20e1cf08041bbd9f97226f333d9015/9d661940e99d1179a6ff0f5d28094de1.png@webp,90.0,
1000367067,Хот-дог пшеничный с говяжьей сосиской и микс-начинкой,15,4.8,Покупайте за 1₽,https://magnit.ru/product/1000367067?shopCode=694420&shopType=express,False,https://images-foodtech.magnit.ru/hAFf6v4BvNM_HOLTguSEWpEPwYcUEnKSoyyQpKZYQfI/rs:fit:1600:1600/plain/s3://img-dostavka/catalog/uf/e8e/e8e0c69fa63908b29ffe120b9f2ea684/d7b8e17bab4af92c75b44c81c1db46dc.jpeg@webp,90.0,
1000309408,Вода Святой Источник Светлячок детская негазированная 5л,16,4.9,Покупайте за 1₽,https://magnit.ru/product/1000309408?shopCode=694420&shopType=express,False,https://images-foodtech.magnit.ru/L1QxBciQpGwMaaGAp7nxWZzDP0lXmeRWNJa4lZH34W0/rs:fit:1600:1600/plain/s3://img-dostavka/catalog/uf/081/0819ea435b54db0d83aecf2e7f8a8284/8ba26f8fa1a8db69184253d46b82b790.jpeg@webp,169.0,139.0
1000367069,Хот-дог зерновой с куриной сосиской и микс-начинкой,17,4.6,Покупайте за 1₽,https://magnit.ru/product/1000367069?shopCode=694420&shopType=express,False,https://images-foodtech.magnit.ru/_WzWhXBFRUviTNmfm3znTtKh_5I4I_kzXQL0hee5jBc/rs:fit:1600:1600/plain/s3://img-dostavka/catalog/uf/b58/b581a9be634b6295dc14b1b6f671c1f1/618074bfa290c8b16e056ca9c89e1e39.jpeg@webp,90.0,
1000472748,Ветчина Знаменские деликатесы по-швейцарскому рецепту нарезка 130г,18,4.9,Покупайте за 1₽,https://magnit.ru/product/1000472748?shopCode=694420&shopType=express,False,https://images-foodtech.magnit.ru/NzWqc77gqx8BXvsi25L1VOAbhYAtr_3-o2VglCaUoVM/rs:fit:1600:1600/plain/s3://img-dostavka/catalog/uf/284/28418a9861978a3092406b4934dd99e3/71f4f7021f66e6e464254382dda423d0.png@webp,165.0,
1000545577,Кисломолочный напиток Exponenta Черника-голубика обезжиренный 500г,19,4.8,Покупайте за 1₽,https://magnit.ru/product/1000545577?shopCode=694420&shopType=express,False,https://images-foodtech.magnit.ru/QI1jPcJQKYpvYgVE9eaPEhAUYMzLnBgdbFHgH1Aq_U4/rs:fit:1600:1600/plain/s3://img-dostavka/catalog/uf/95b/95b79b1e8b1ec0e746f34e66f7e244eb/172c66661423d631db8d56b792a14f37.jpeg@webp,169.0,
1000367062,Хот-дог пшеничный со свиной сосиской и микс начинкой,20,4.6,Покупайте за 1₽,https://magnit.ru/product/1000367062?shopCode=694420&shopType=express,False,https://images-foodtech.magnit.ru/m5JJGnI27aTHyr19OwfUBIJF1ymB-aK5eZByPUMudj8/rs:fit:1600:1600/plain/s3://img-dostavka/catalog/uf/b64/b64363f8fc87f37bccab5cad926f7207/1740f54b11af47c13507fd7baa859e4d.jpeg@webp,90.0,
1045250003,Карбонад Егорьевская ФКГ По-Егорьевски копчено-вареная нарезка 115г,21,4.9,Покупайте за 1₽,https://magnit.ru/product/1045250003?shopCode=694420&shopType=express,False,https://images-foodtech.magnit.ru/nIVP7-lwVVPiVxzgTJ16JP1R21MkLe2fWK2pw17Nr_o/rs:fit:1600:1600/plain/s3://img-dostavka/catalog/uf/cd1/cd16c9378b9fe0dfb2f1e0f9891e3f6d/0ea3b7c6342866e610fada38bd2dab6d.jpeg@webp,203.0,169.0
1000070528,Сыр Galbani Моцарелла 45% 125г,22,4.8,Покупайте за 1₽,https://magnit.ru/product/1000070528?shopCode=694420&shopType=express,False,https://images-foodtech.magnit.ru/ULra55Gm7b_Em-McYpBzh_TIO1hiz8Yhz9TJ7OBzV-c/rs:fit:1600:1600/plain/s3://img-dostavka/catalog/uf/f70/f70f9bf02afd48f66259eedeeb1a8795/1a22d9bdd1b9817f1951c37f08232220.jpeg@webp,169.0,
1000220777,Жидкое мыло Мое солнышко c маслом авокадо детское с 6 месяцев 400мл,23,4.9,Покупайте за 1₽,https://magnit.ru/product/1000220777?shopCode=694420&shopType=express,False,https://images-foodtech.magnit.ru/1VweMe_ylJMh4zSTkIMVRXAC7Ft1-rxF07hqRYgq8KQ/rs:fit:1600:1600/plain/s3://img-dostavka/catalog/uf/c94/c94cfce4e1fdc911082ba7fc20434f85/e95798a85a26def392bdb4957f4a636c.jpeg@webp,160.0,108.0
1000547192,Маслины без косточки Premiere of Taste 170г,24,4.8,Покупайте за 1₽,https://magnit.ru/product/1000547192?shopCode=694420&shopType=express,False,https://images-foodtech.magnit.ru/nfym7GIPZbgJbr0sCdF9KseV2FTGCDPq3SQyV8BN16k/rs:fit:1600:1600/plain/s3://img-dostavka/catalog/uf/446/446724a518746133c65df92959b3824c/169d7302548b9c9afc0a6d0fbe8d0549.jpeg@webp,180.0,109.0
1899912620,Масса творожная Брянский МК с изюмом 20% 500г,25,4.9,Покупайте за 1₽,https://magnit.ru/product/1899912620?shopCode=694420&shopType=express,False,https://images-foodtech.magnit.ru/qUGsfdLyxlHaWrMnGQfgQ1VhdPTFbQYmeDo2qxSP1Fg/rs:fit:1600:1600/plain/s3://img-dostavka/catalog/uf/efd/efd2c26f487df39e2018f5b664d5f413/6be61c8416565700e7bd3892eca4c352.jpeg@webp,189.0,159.0
1377100002,Рис Prosto Краснодарский круглозерный 8пак*62.5г,26,4.9,Покупайте за 1₽,https://magnit.ru/product/1377100002?shopCode=694420&shopType=express,False,https://images-foodtech.magnit.ru/wZLPtBE-kjM1GlW33vH3a0fo1yffrWNoWOfdePVGQIE/rs:fit:1600:1600/plain/s3://img-dostavka/catalog/uf/64e/64e017d57a84b3ac3caccabce5ac562f/2b9d5361a24634af88e8fe803a9d1299.jpeg@webp,132.0,107.0
1000113319,Чистящее средство от жира Sanita 1 Минута для плит и духовок 500мл,27,4.9,Покупайте за 1₽,https://magnit.ru/product/1000113319?shopCode=694420&shopType=express,False,https://images-foodtech.magnit.ru/EB1IcSFxCfl45kXNOpSsrTbuegarW7cAxtPlQrUlySg/rs:fit:1600:1600/plain/s3://img-dostavka/catalog/uf/2b1/2b1e2379df14281686a8e6e950032a7f/5eb369737a4ef3ca672e00a82a22ee24.jpeg@webp,252.0,209.0
1000446961,Колбаса Клинский МК Молочная вареная нарезка 190г,28,4.9,Покупайте за 1₽,https://magnit.ru/product/1000446961?shopCode=694420&shopType=express,False,https://images-foodtech.magnit.ru/hcB6SxCosVQy-HnM5VsfpMq27j7LjTj1O6b_t_eGpKA/rs:fit:1600:1600/plain/s3://img-dostavka/catalog/uf/64b/64b499fb4ec07b9cef72a59b4dc3f1f9/e273cfbb54cb66b1d3f146abf8055677.jpeg@webp,160.0,139.0
1000221497,Мыло для интимной гигиены Evo Intimate рН 5.2 молочная кислота 250мл,29,5.0,Покупайте за 1₽,https://magnit.ru/product/1000221497?shopCode=694420&shopType=express,False,https://images-foodtech.magnit.ru/wzQjTnEb8fO4S2om9dUPMFccTdmQmrzL1ph3E8lveao/rs:fit:1600:1600/plain/s3://img-dostavka/catalog/uf/104/104ac6becc29bf6ed8981cbba9f1a47d/f5c5ab753b583f48e2f537fa4e5216a8.jpeg@webp,199.0,125.0
1000302472,Кукуруза Green Ray Молодая без сахара 340г,30,4.8,Покупайте за 1₽,https://magnit.ru/product/1000302472?shopCode=694420&shopType=express,False,https://images-foodtech.magnit.ru/6Bjo7tbYIf7O-WzaGpR8seHb86H-NfjpesvREi3YDt0/rs:fit:1600:1600/plain/s3://img-dostavka/catalog/uf/9ac/9ac99c8878f5f182138c8a576d8aff1b/ea21fce5a72e58f71c3a997e617407e8.jpeg@webp,184.0,
1000566833,Сыр Белебеевский Белебеевский нарезка 45% 120г,31,4.8,Покупайте за 1₽,https://magnit.ru/product/1000566833?shopCode=694420&shopType=express,False,https://images-foodtech.magnit.ru/WiLet4dlphivndp_K70sfGjgABVx7SawgGmUHQ5rEPM/rs:fit:1600:1600/plain/s3://img-dostavka/catalog/uf/8fd/8fd8f61ce374d569a5e25163e9ed3ebb/1acad1af3423b99112a1daf19e733017.jpeg@webp,194.0,149.0
1000277356,Чай черный Akbar Ceylon 100пак,32,4.9,Покупайте за 1₽,https://magnit.ru/product/1000277356?shopCode=694420&shopType=express,False,https://images-foodtech.magnit.ru/eDiP788Zy5eLWnY4PDQTiVUcHRTwVhC6WGrwAg4xRUA/rs:fit:1600:1600/plain/s3://img-dostavka/catalog/uf/f0f/f0fa1336e45dbfec500913de4b2c2b92/c5e189eada4afaa5ddd2631c80baef5b.jpeg@webp,399.0,249.0
1000505365,Сыр Sveza творожный с авокадо 60% 150г,33,4.9,Покупайте за 1₽,https://magnit.ru/product/1000505365?shopCode=694420&shopType=express,False,https://images-foodtech.magnit.ru/Xlb4PVgsr3k4ZzU-86W6mm_2cSziwLJrUJb8Gav0cj0/rs:fit:1600:1600/plain/s3://img-dostavka/catalog/uf/6e5/6e5618f56dafdc895df15f6c00d4cae4/f2e3794492b31c906c19b27a125a4b86.jpeg@webp,,
1000038991,Молочко для тела Evo Пантенол 150мл,34,5.0,Покупайте за 1₽,https://magnit.ru/product/1000038991?shopCode=694420&shopType=express,False,https://images-foodtech.magnit.ru/7ivg1pDK4LySLsuI6uhjyp6muqqrmAhFfweI1_-BXME/rs:fit:1600:1600/plain/s3://img-dostavka/catalog/uf/c3e/c3e7dd9697e6d8462ef68d055c92c702/043eec450c652a6f6d8c92b6cf1a16a0.jpeg@webp,219.0,169.0
1000457186,Напиток Добрый Лимон-лайм 1.5л,35,4.9,Покупайте за 1₽,https://magnit.ru/product/1000457186?shopCode=694420&shopType=express,False,https://images-foodtech.magnit.ru/gVSWVccibtGR-9auSObvWm3RDShoE43CMH8bPpzFOzU/rs:fit:1600:1600/plain/s3://img-dostavka/catalog/uf/23c/23c52f02f28298553da60f23519f4037/f50e75c81e3f2397b606c49986377c7b.jpeg@webp,139.0,
1000233524,Рулет Майский с маком и изюмом Черемушки 300г,36,4.9,Покупайте за 1₽,https://magnit.ru/product/1000233524?shopCode=694420&shopType=express,False,https://images-foodtech.magnit.ru/bKuQSr0YuL5eKeiDAuiGgPYdFW6Hq0WKCsI1n3GAxDU/rs:fit:1600:1600/plain/s3://img-dostavka/catalog/uf/42a/42a192eb0e4fa3c7802f536b1fec8fe3/57c1226f138abc0736fb0c212c290096.jpeg@webp,139.0,
1000567452,Чечевица Красная колотая Premiere of Taste 450г,37,4.8,Покупайте за 1₽,https://magnit.ru/product/1000567452?shopCode=694420&shopType=express,False,https://images-foodtech.magnit.ru/pJOE5-YfZhfTyUp0GukP3kHFupIEWjtChu1F2bf1Pq8/rs:fit:1600:1600/plain/s3://img-dostavka/catalog/uf/efa/efa48a14d92d712495cb1c61425f8620/d6bac156cb23055174e045b17d901921.jpeg@webp,174.0,
1000524149,Молоко сгущенное Коровка Из Кореновки пломбир крем-брюле 8.5% 270г,38,4.8,Покупайте за 1₽,https://magnit.ru/product/1000524149?shopCode=694420&shopType=express,False,https://images-foodtech.magnit.ru/pflOREJPaZLdWJVYfIGqdIQiYnCXW-y8he8aFqPGb6Y/rs:fit:1600:1600/plain/s3://img-dostavka/catalog/uf/bf4/bf4e875ed88669ad71307641bfff4be8/40b764cd07048b314dff1ede2470c568.jpeg@webp,206.0,179.0
1000463073,Сливки Простоквашино ультрапастеризованные 20% 500г,39,4.8,Покупайте за 1₽,https://magnit.ru/product/1000463073?shopCode=694420&shopType=express,False,https://images-foodtech.magnit.ru/f5F3pjYyd4oUqzwEIiUsgccg11sJSP8GKDLPKa_nb9M/rs:fit:1600:1600/plain/s3://img-dostavka/catalog/uf/697/697cc38bf25b57b66dc0537a79b09297/c8082d6c2fae7d315fcc9d5acfae6c47.jpeg@webp,263.0,214.0
1000461809,Сметана Брест-Литовск 20% 300г,40,4.9,Покупайте за 1₽,https://magnit.ru/product/1000461809?shopCode=694420&shopType=express,False,https://images-foodtech.magnit.ru/nugBHD9qfwba534c_U015VtR_6ruo0Ceyx2bqBeDoGo/rs:fit:1600:1600/plain/s3://img-dostavka/catalog/uf/f36/f369ecde358eb474589c9ba293d0307f/fe4106dd2fc3047abdff94cdacecdced.jpeg@webp,99.0,
3392166504,Сыр плавленый Карат Шоколадный 30% 230г,41,4.9,Покупайте за 1₽,https://magnit.ru/product/3392166504?shopCode=694420&shopType=express,False,https://images-foodtech.magnit.ru/J8C-9-lvVFAWccUPD9rCCDdk934wUolqX5byv95kZqQ/rs:fit:1600:1600/plain/s3://img-dostavka/catalog/uf/9f6/9f6a10c21bab1e288903d33cbe38a512/dcdf7e7cd3ad6c56421b2044f817c8f6.jpeg@webp,169.0,139.0
1000162281,Зубная паста Splat Juicy Киви-клубника укрепляющая детская 35мл,42,4.7,Покупайте за 1₽,https://magnit.ru/product/1000162281?shopCode=694420&shopType=express,False,https://images-foodtech.magnit.ru/GE7q6f3VnMc5BdoMC1Ku8mDdXruQVoC29K1FunNsEE8/rs:fit:1600:1600/plain/s3://img-dostavka/catalog/uf/c85/c859a309e32b7306499ea4802b6b5c4a/f5ca2666a518d1f157eaf3790139336f.jpeg@webp,194.0,170.0
1000299257,Чай зеленый Richard Royal Melissa мелисса мята лемонграсс 25пак 37.5г,43,4.8,Покупайте за 1₽,https://magnit.ru/product/1000299257?shopCode=694420&shopType=express,False,https://images-foodtech.magnit.ru/zj6B-oJoUQKOXF985KeUUFOks0HUka5OA_8spSBWY5Q/rs:fit:1600:1600/plain/s3://img-dostavka/catalog/uf/35e/35e10f9be7ada2f5d96026e04edf6e91/40bfc937bb7f83761e26ee9dfacef9f3.jpeg@webp,179.0,134.0
1000457201,Индиан тоник Rich 1л,44,4.7,Покупайте за 1₽,https://magnit.ru/product/1000457201?shopCode=694420&shopType=express,False,https://images-foodtech.magnit.ru/0ZUaj-qe2ZilwtRrhm94U6yj_zXeNTEy1goabgaWK1M/rs:fit:1600:1600/plain/s3://img-dostavka/catalog/uf/dee/dee560c40431d6f258b640bf8750f1d6/9446489fae87ef192677cfe85b09c33f.jpeg@webp,119.0,
1000202167,Чипсы картофельные Naturals классические с солью 100г,45,4.8,Покупайте за 1₽,https://magnit.ru/product/1000202167?shopCode=694420&shopType=express,False,https://images-foodtech.magnit.ru/OQLqIJCUwQ7q6rx7hmdU_2_nYOjGjqld8rUK7ZwgYHQ/rs:fit:1600:1600/plain/s3://img-dostavka/catalog/uf/da1/da1d5106c1c9219793f1ba0b84fb36a0/78808728002bea76e26e03057d0f3bbb.jpeg@webp,160.0,139.0
1000455350,Лечо Пиканта 450г,46,4.9,Покупайте за 1₽,https://magnit.ru/product/1000455350?shopCode=694420&shopType=express,False,https://images-foodtech.magnit.ru/EemhDUYJIvku_UOxyewwMPuIfBb3As-_z9D1R-Q7_Hc/rs:fit:1600:1600/plain/s3://img-dostavka/catalog/uf/01f/01f5b44c9a2f3cdfba6230f344393644/7f120060914ece771fdb1a083cc9c3f9.jpeg@webp,149.0,
1000111151,Щупальца кальмара Балтийский берег в чесночном соусе 210г,47,4.7,Покупайте за 1₽,https://magnit.ru/product/1000111151?shopCode=694420&shopType=express,False,https://images-foodtech.magnit.ru/TGHcSBQroq2pZ4jD6l_yLvv3M-hsu2hY_KaCesd-eGA/rs:fit:1600:1600/plain/s3://img-dostavka/catalog/uf/106/1062755636908d199c999a364b256e2c/aabeb62705943dc96ba7dc539c8f02b2.jpeg@webp,194.0,176.0
1000293877,Напиток Саперави Натахтари 500мл,48,4.9,Покупайте за 1₽,https://magnit.ru/product/1000293877?shopCode=694420&shopType=express,False,https://images-foodtech.magnit.ru/0ufpKlp23gRvqZBf94bpVWEiyBlt0GsXZ9mYjZHo9IE/rs:fit:1600:1600/plain/s3://img-dostavka/catalog/pim/goods/1000293877/image/b6c1eeafa4a153453c0bbd058ad43682.jpeg@webp,119.0,
8000048332,Нектар Добрый из ананасов и яблок 1л,49,4.8,Покупайте за 1₽,https://magnit.ru/product/8000048332?shopCode=694420&shopType=express,False,https://images-foodtech.magnit.ru/aq_A6JwYx3CRDz72e-qtUlnIq_5m8HGpmpkOn9lK3uc/rs:fit:1600:1600/plain/s3://img-dostavka/catalog/uf/d10/d10d095998a902db3c3ca56eae348dcf/15b76c1ff788fad77a92b122732ef0ae.jpeg@webp,183.0,164.0
8000070740,Зефир ванильный без сахара Жизель 130г,50,5.0,Покупайте за 1₽,https://magnit.ru/product/8000070740?shopCode=694420&shopType=express,False,https://images-foodtech.magnit.ru/k3je6m98GACN71s0uz94TgemdMiUvHuWL5ucDIeBBXo/rs:fit:1600:1600/plain/s3://img-dostavka/catalog/uf/dbf/dbfb4f96b43a3cd8e08b388cf7fca565/6b26c1e446027bdedae4eba0352c54b2.jpeg@webp,139.0,
1000562586,Мёд Иванова Пасека горный 250г,51,4.8,Покупайте за 1₽,https://magnit.ru/product/1000562586?shopCode=694420&shopType=express,False,https://images-foodtech.magnit.ru/Ism9qY-rUNV6CccO33_tAl4OfQn7VjekApqRbjx2UKM/rs:fit:1600:1600/plain/s3://img-dostavka/catalog/uf/f4a/f4a4b468b0ddcce04829fda7f65e07cb/4852353d772757b302ac47b2bcbe89d5.jpeg@webp,190.0,
1000296569,Ломтики манго в сиропе Premiere of Taste 425г,52,4.5,Покупайте за 1₽,https://magnit.ru/product/1000296569?shopCode=694420&shopType=express,False,https://images-foodtech.magnit.ru/xnfuN3QXvJ52BFrI2TW4HJXVJkJ17AGsps98qt8ieBs/rs:fit:1600:1600/plain/s3://img-dostavka/catalog/uf/a3f/a3f22fb0015c01d7f6b71293d9c57033/92daf360e1e528f1686481220bb42c7c.jpeg@webp,199.0,161.0
3113001013,Пастила с ароматом ванили Шармэль 221г,53,5.0,Покупайте за 1₽,https://magnit.ru/product/3113001013?shopCode=694420&shopType=express,False,https://images-foodtech.magnit.ru/UdpelkdJREHnSjS_OFcbrqxFCiJgh-zdzFndn1Q5pr4/rs:fit:1600:1600/plain/s3://img-dostavka/catalog/uf/c6d/c6d030f19d9cd3ffa4bf3aa1c37bffac/bae9d9712cf66192655e1cc09b016ce5.jpeg@webp,161.0,
1000288485,Вода Ессентуки Целебная минеральная газированная 1.5л,54,4.9,Покупайте за 1₽,https://magnit.ru/product/1000288485?shopCode=694420&shopType=express,False,https://images-foodtech.magnit.ru/SXznBT_sUps_p3Z5HdFj_wsx2gGYFcbwSS8eUeL7_2Q/rs:fit:1600:1600/plain/s3://img-dostavka/catalog/uf/ca1/ca140b21b457b1d3f4e90df1c11e7216/c0a5c3e3008b28f012e5c68b05bfe372.png@webp,109.0,80.0
1000469493,Сгущенка Поречский КЗ Сметанин с сахаром 1% 1.25кг,55,4.2,Покупайте за 1₽,https://magnit.ru/product/1000469493?shopCode=694420&shopType=express,False,https://images-foodtech.magnit.ru/m2g4Juv8J3QCOJ_5hmT0YHUr4jfH5_JEA4yez2AlxY0/rs:fit:1600:1600/plain/s3://img-dostavka/catalog/uf/02d/02d2b0a274ab81602a3b2bcaa68e1295/05bf59b2494bd54ccf1d3aeed350ec7c.jpeg@webp,204.0,161.0
8000105738,Горбуша натуральная Владкон 250г,56,,Покупайте за 1₽,https://magnit.ru/product/8000105738?shopCode=694420&shopType=express,False,https://images-foodtech.magnit.ru/QwddcBVy1Ys_OgEWHdox4Drsxu9J36AwP6pT7B0d8vQ/rs:fit:1600:1600/plain/s3://img-dostavka/catalog/uf/d6e/d6e56d863e980e7eeaeaa0898dd70e27/b8d68caa6374a3974cb5ad8fc4b38d0d.jpeg@webp,238.0,209.0
1000551077,Молоко Эго топленое 3.2% 900г,57,5.0,Покупайте за 1₽,https://magnit.ru/product/1000551077?shopCode=694420&shopType=express,False,https://images-foodtech.magnit.ru/in1wgu6893ogyKfqqxdz_e2hMBVi7EdRbiTop4yFHIE/rs:fit:1600:1600/plain/s3://img-dostavka/catalog/uf/c58/c582c30938c99f2961bc3fbdf1a5a072/70e9c396b269f19e9ad23147b7cb7544.jpeg@webp,119.0,109.0
1000565862,Рис Жасмин Premiere of Taste 450г,58,4.8,Покупайте за 1₽,https://magnit.ru/product/1000565862?shopCode=694420&shopType=express,False,https://images-foodtech.magnit.ru/3HmmScCF49HS7Y4udi35PuJZPK-vOlffDZfq_SFCguU/rs:fit:1600:1600/plain/s3://img-dostavka/catalog/uf/d4e/d4e666e4e7490ae2eeda9385457cb368/cbd69e01ece748322258ca6d808367a1.jpeg@webp,139.0,110.0
1000567799,Сыр Oldenburger с грецкими орехами нарезка 45% 125г,59,4.8,Покупайте за 1₽,https://magnit.ru/product/1000567799?shopCode=694420&shopType=express,False,https://images-foodtech.magnit.ru/e0-cJ5EZHNFbZGSv5yY_sXklWG50tE_S2YKXvcM_5LE/rs:fit:1600:1600/plain/s3://img-dostavka/catalog/uf/c61/c6120cbe22d52f175652119495c447bd/ce69e451367bd51831c2dac0464b0947.jpeg@webp,169.0,154.0
4000089594,Фольга Саянская особопрочная 14мкм 29см*7м,60,4.9,Покупайте за 1₽,https://magnit.ru/product/4000089594?shopCode=694420&shopType=express,False,https://images-foodtech.magnit.ru/1xBBidLSLgo5R55yIuFrcB7tTIP7SjvH2W_TWrll424/rs:fit:1600:1600/plain/s3://img-dostavka/catalog/uf/55b/55ba36868c3c7e411cac943d5e947bba/91326d749be35db3931087c243e125b3.jpeg@webp,199.0,
1059800007,Отбеливатель Аист Бос жидкий 1.2л,61,4.9,Покупайте за 1₽,https://magnit.ru/product/1059800007?shopCode=694420&shopType=express,False,https://images-foodtech.magnit.ru/jMg0YKDAxr3jMrls5P4NUNaEQ9l9aD5vvKljbjXJ5Ww/rs:fit:1600:1600/plain/s3://img-dostavka/catalog/uf/a3d/a3d30afa303c9bb547177347a295f733/ea4a820595aa45e89d27933f60ab1097.jpeg@webp,179.0,
1000112244,Конфеты Рот фронт Коровка молочная 250г,62,4.9,Покупайте за 1₽,https://magnit.ru/product/1000112244?shopCode=694420&shopType=express,False,https://images-foodtech.magnit.ru/S9TMuS0nIFqPUQ2_qqaF9vppwRoDszVRtzO_ViV4A68/rs:fit:1600:1600/plain/s3://img-dostavka/catalog/uf/c91/c91acb771f978eff5de2d1c11dd41231/8a1bfc1a1f53617e320d74674da46392.jpeg@webp,209.0,
1000393014,Сельдь Доброфлот тихоокеанская натуральная с добавлением масла 245г,63,4.5,Покупайте за 1₽,https://magnit.ru/product/1000393014?shopCode=694420&shopType=express,False,https://images-foodtech.magnit.ru/Of7X7toG61DWEPEYbDJhwXpNupK0ugRFyeL6zJ3Wf8Y/rs:fit:1600:1600/plain/s3://img-dostavka/catalog/pim/goods/1000393014/image/01cd6e2d040bfb28a75e3c04ac7add3f.jpeg@webp,155.0,109.0
1000460884,Горошек зелёный быстрозамороженный Premiere of Taste 400г,64,4.6,Покупайте за 1₽,https://magnit.ru/product/1000460884?shopCode=694420&shopType=express,False,https://images-foodtech.magnit.ru/1n4yxJXvbz-5MggAedp4XGeqteji_qKomn6D_5BR8cM/rs:fit:1600:1600/plain/s3://img-dostavka/catalog/uf/91a/91a85980d28d76a9fae81eb9aa4037c2/f8c50f00882f0f53ebb2b3aad2ba8faa.jpeg@webp,129.0,104.0
1000526133,Нектар Апельсиновый Premiere of Taste 1л,65,4.4,Покупайте за 1₽,https://magnit.ru/product/1000526133?shopCode=694420&shopType=express,False,https://images-foodtech.magnit.ru/qe5isROgBSHsSNZJt2W1tRKAp4hoaqfuY5jo0nuS2bE/rs:fit:1600:1600/plain/s3://img-dostavka/catalog/uf/c4b/c4b2813935b7d259ac55f0c82021d887/840721bd385c873635c9c959ed6e2f26.jpeg@webp,179.0,156.0
1000129614,Джем Махеевъ Абрикосовый 300г,66,4.9,Покупайте за 1₽,https://magnit.ru/product/1000129614?shopCode=694420&shopType=express,False,https://images-foodtech.magnit.ru/sMZJw6hv6eSoNPMVVGkGEQ86wNXpUHzX03DvQQm4sOA/rs:fit:1600:1600/plain/s3://img-dostavka/catalog/uf/79d/79dc3caf5539ba813f68ec6e9d8b79d1/5b6c5d12ea142935c0da6ac677c2886e.jpeg@webp,124.0,108.0
1000229306,Борщ с курицей Главсуп замороженный 250г,67,4.8,Покупайте за 1₽,https://magnit.ru/product/1000229306?shopCode=694420&shopType=express,False,https://images-foodtech.magnit.ru/drj8gq8h79auZdJZhNx0LCP_GTAO6TZ557VJ4r8xbbU/rs:fit:1600:1600/plain/s3://img-dostavka/catalog/uf/2f5/2f590a267c3d7de243a5b525daa6a1c7/50ca095ef352cb4610bc204f694765b2.jpeg@webp,171.0,156.0
1000303403,Рис Бурый Premiere of Taste 400г,68,4.6,Покупайте за 1₽,https://magnit.ru/product/1000303403?shopCode=694420&shopType=express,False,https://images-foodtech.magnit.ru/qAzdRl2MfrtYElqW6Wf4SEv1orRJKkfEasAdoM0vMNY/rs:fit:1600:1600/plain/s3://img-dostavka/catalog/uf/898/898794c221989f2fb7a910956c2d2e3a/08587e1b6dc15c2b766fca9145871ce9.jpeg@webp,119.0,101.0
8000047056,Смесь зелени Easy Food 80г,69,5.0,Покупайте за 1₽,https://magnit.ru/product/8000047056?shopCode=694420&shopType=express,False,https://images-foodtech.magnit.ru/8QYCotwhLsoNO0zUJ9v_B2dNE1BODgybAziQd1-ptQU/rs:fit:1600:1600/plain/s3://img-dostavka/catalog/uf/c0e/c0edab091da126b56ecb41fe0a4575cc/e1c08c979641424254fc653d38476009.jpeg@webp,239.0,183.0
1000567527,Маш Premiere of Taste 450г,70,5.0,Покупайте за 1₽,https://magnit.ru/product/1000567527?shopCode=694420&shopType=express,False,https://images-foodtech.magnit.ru/KcW5n2Hn6MP-MwXDcYRqnZV4HGTGOb9B9f8Cp7ZFqPA/rs:fit:1600:1600/plain/s3://img-dostavka/catalog/uf/50b/50b1d5525e80c05d32c29fa3039a843b/0a7d6e18634c57e16872644e4db52ad9.jpeg@webp,161.0,
1000460885,Кукуруза сладкая в зернах замороженная Premiere of Taste 400г,71,4.7,Покупайте за 1₽,https://magnit.ru/product/1000460885?shopCode=694420&shopType=express,False,https://images-foodtech.magnit.ru/OxH7MV7YLkY-qahCt-Zrwb8jf7QRFCE1VCCTEi0vDKs/rs:fit:1600:1600/plain/s3://img-dostavka/catalog/uf/c0a/c0a5992b5b3cb281afd25c9cb9ee106b/d01e5292f85c3081e01d31dc6db3082a.jpeg@webp,179.0,149.0
1000351084,Молоко Parmalat безлактозное ультрапастеризованное 3.5% 1л,72,5.0,Покупайте за 1₽,https://magnit.ru/product/1000351084?shopCode=694420&shopType=express,False,https://images-foodtech.magnit.ru/4_h6wf_Oy7_oTp10mFKZr3ulDe16HHLwXlXvgqTkvYs/rs:fit:1600:1600/plain/s3://img-dostavka/catalog/uf/0f6/0f68749dc4b2d051854392443097b576/5771617fa3bdd1db959a0449812a4bce.png@webp,179.0,
1000351084,Молоко Parmalat безлактозное ультрапастеризованное 3.5% 1л,72,5.0,Покупайте за 1₽,https://magnit.ru/product/1000351084?shopCode=694420&shopType=express,False,https://images-foodtech.magnit.ru/4_h6wf_Oy7_oTp10mFKZr3ulDe16HHLwXlXvgqTkvYs/rs:fit:1600:1600/plain/s3://img-dostavka/catalog/uf/0f6/0f68749dc4b2d051854392443097b576/5771617fa3bdd1db959a0449812a4bce.png@webp,179.0,
1000189545,Сметана President 30% 350г,73,4.9,Покупайте за 1₽,https://magnit.ru/product/1000189545?shopCode=694420&shopType=express,False,https://images-foodtech.magnit.ru/fhRK9OepVeJA0IVHJYJyZaj9KTfSMGrWnax4gj1sK_E/rs:fit:1600:1600/plain/s3://img-dostavka/catalog/uf/0f0/0f056d2dcf2011b71dce7e991cb3a61f/78c0a76da0f7be14e076f29e1d98d707.png@webp,229.0,
1000189545,Сметана President 30% 350г,73,4.9,Покупайте за 1₽,https://magnit.ru/product/1000189545?shopCode=694420&shopType=express,False,https://images-foodtech.magnit.ru/fhRK9OepVeJA0IVHJYJyZaj9KTfSMGrWnax4gj1sK_E/rs:fit:1600:1600/plain/s3://img-dostavka/catalog/uf/0f0/0f056d2dcf2011b71dce7e991cb3a61f/78c0a76da0f7be14e076f29e1d98d707.png@webp,229.0,
1000203889,Чай зеленый Richard Royal Green байховый 25пак,74,5.0,Покупайте за 1₽,https://magnit.ru/product/1000203889?shopCode=694420&shopType=express,False,https://images-foodtech.magnit.ru/8NH3pSbScHXoNAn0tViN4z1nqKjyKnDzQQbpeTH9YQA/rs:fit:1600:1600/plain/s3://img-dostavka/catalog/uf/922/922497db8b12de3a62af1d02f8ef72cd/ef9e6fbbcabd3d57cadca4780a2610db.jpeg@webp,179.0,128.0
1000520679,Масса творожная Ростагроэкспорт Особая с изюмом 23% 180г,75,4.9,Покупайте за 1₽,https://magnit.ru/product/1000520679?shopCode=694420&shopType=express,False,https://images-foodtech.magnit.ru/UMzXiI2YC63XSubejlKv2zFTQa5LcvyHHr_qrDkIPEs/rs:fit:1600:1600/plain/s3://img-dostavka/catalog/uf/777/777c186ec754be807b08b90af40bda17/c7d9b5ca8335f1b43fcaf43d2d546615.jpeg@webp,114.0,104.0
1000180809,Капуста цветная Agama быстрозамороженная 400г,76,4.5,Покупайте за 1₽,https://magnit.ru/product/1000180809?shopCode=694420&shopType=express,False,https://images-foodtech.magnit.ru/GRvsLSJdfOaWkdHURpn9-ROHfAUKA7kv8qSWYREIHVc/rs:fit:1600:1600/plain/s3://img-dostavka/catalog/uf/2e8/2e8179cd4404eafc5d5626080746aaff/3bfa078394ad2cb996275ae4495fa5d8.jpeg@webp,217.0,177.0
1000093976,Масса творожная Ростагрокомплекс Особая с изюмом и шоколадом 180г,77,4.9,Покупайте за 1₽,https://magnit.ru/product/1000093976?shopCode=694420&shopType=express,False,https://images-foodtech.magnit.ru/5fRBa-MkmZke-r3j5x9D1TTKGRezRvlhVt0eXwhP7wc/rs:fit:1600:1600/plain/s3://img-dostavka/catalog/uf/6e0/6e065d9d83eed030a6cb47fe8d3d9d67/50a369385a781c4cfda89ee7a4116402.jpeg@webp,139.0,99.0
1000537866,Чипсы Bruto картофельные с морской солью 120г,78,4.6,Покупайте за 1₽,https://magnit.ru/product/1000537866?shopCode=694420&shopType=express,False,https://images-foodtech.magnit.ru/BZ3stbU3_MlRbxWwZUFm9kXuKPAmWUSggH1fQoYCYNg/rs:fit:1600:1600/plain/s3://img-dostavka/catalog/uf/047/047442fac53406ffcc681d209e9a24fc/166570b875ffce66202dcc57e8a7907b.jpeg@webp,159.0,119.0
8000068589,Горячий шоколад порошок А.П.Селиванов 150г,79,,Покупайте за 1₽,https://magnit.ru/product/8000068589?shopCode=694420&shopType=express,False,https://images-foodtech.magnit.ru/prVVkXfQe6AjF0RMp5OmMSNXbLTW4aCMSoikiLrwDjc/rs:fit:1600:1600/plain/s3://img-dostavka/catalog/uf/606/606c23f41849f09df84ddf48698b0a58/e8b44df9b15345f28e31a98836cae567.jpeg@webp,329.0,
1000221483,Крем для ног Evo c мочевиной 75мл,80,4.9,Покупайте за 1₽,https://magnit.ru/product/1000221483?shopCode=694420&shopType=express,False,https://images-foodtech.magnit.ru/Y8BJNlbv2qw_Q_JX_1M2OlCvgYdWRSQpHb0N6U0-4jY/rs:fit:1600:1600/plain/s3://img-dostavka/catalog/uf/f3a/f3ae6c6e5b36151d9d5d8e32d8f44be3/4f979ddd192c5b2fcd606b8dc8ad84d5.jpeg@webp,169.0,119.0
8000066532,Макароны со свеклой Dalla Costa Hello Kitty 250г,81,,Покупайте за 1₽,https://magnit.ru/product/8000066532?shopCode=694420&shopType=express,False,https://images-foodtech.magnit.ru/c_sc0sJQa6oharRj5J4fPFhQDm2dJiSAkfKWcPqeBkU/rs:fit:1600:1600/plain/s3://img-dostavka/catalog/uf/d4a/d4a42cecbe0a11d6c6913ca240ecf5fc/7e5de730c4f29dce31f047dc21f65f44.jpeg@webp,349.0,228.0
1000385807,Соус Sen soy Premium Чили шрирача 310г,82,4.7,Покупайте за 1₽,https://magnit.ru/product/1000385807?shopCode=694420&shopType=express,False,https://images-foodtech.magnit.ru/0hfWdHHOjrerRXkDi5Z04Lr6ydQ3dcPh1PDcU2L5nFs/rs:fit:1600:1600/plain/s3://img-dostavka/catalog/uf/40b/40b32dedf72f43da5529f970936a70db/02fc132d64da3c3fe5848fc80b487af4.jpeg@webp,252.0,186.0
1000302690,Батончик Bombbar протеиновый Фисташковый пломбир 60г,83,4.9,Покупайте за 1₽,https://magnit.ru/product/1000302690?shopCode=694420&shopType=express,False,https://images-foodtech.magnit.ru/7BSvwgnfZkSELYS9cckX-55a1uay4AR6FvhmK6wGcxE/rs:fit:1600:1600/plain/s3://img-dostavka/catalog/uf/842/8421a3c3f5a494ebb24770dcfd396a88/6ade3e1d62728ae324ec42ca05911c4d.jpeg@webp,153.0,139.0
1000299617,Пятновыводитель Grass G-oxi для цветных вещей спрей 600мл,84,4.8,Покупайте за 1₽,https://magnit.ru/product/1000299617?shopCode=694420&shopType=express,False,https://images-foodtech.magnit.ru/1IGx1GnkEI5qpyAAXTtlW7CPvzy5kwQhdJ8oLei38Uc/rs:fit:1600:1600/plain/s3://img-dostavka/catalog/uf/b25/b25ec5e5a67c6aa19e63e02bc6ade1be/6abb5518fbde51645d357ce13ecdcbc8.jpeg@webp,219.0,139.0
1000108780,Чечевица зелёная целая Premiere of Taste 400г,85,4.8,Покупайте за 1₽,https://magnit.ru/product/1000108780?shopCode=694420&shopType=express,False,https://images-foodtech.magnit.ru/02EFeUZhB6tX0hfqGX2MWr_08Pvs-RU7aAjFLTWxgN8/rs:fit:1600:1600/plain/s3://img-dostavka/catalog/uf/ebd/ebd0ea32408105671467e8fccded30d0/32c0929833b080df507840af27db0cd5.jpeg@webp,153.0,
8000024666,Сироп Лесной орех Premiere Of Taste 250мл,86,4.7,Покупайте за 1₽,https://magnit.ru/product/8000024666?shopCode=694420&shopType=express,False,https://images-foodtech.magnit.ru/vx2LxBcrMM3QqxZtD4AnfrfKTg13RwO0B4V4a3Yedhk/rs:fit:1600:1600/plain/s3://img-dostavka/catalog/uf/ded/dedb84a3a1001b8807aabc6933f14e7b/d94e15b61a29e8234e90286d9637c80f.jpeg@webp,135.0,104.0
1000247882,Шоколад Red Delight Темный с апельсином и миндалем 70г,87,4.8,Покупайте за 1₽,https://magnit.ru/product/1000247882?shopCode=694420&shopType=express,False,https://images-foodtech.magnit.ru/ylBNqn1FBKwhyAcc4NlQg-eo4cdpuo4WVFMkeagKCmY/rs:fit:1600:1600/plain/s3://img-dostavka/catalog/uf/09e/09ee2dfdf15b779be50c777b5cc09862/a7e70bfbefd07c5212e34dae648e90cb.jpeg@webp,223.0,
1000229307,Солянка по-домашнему Главсуп замороженная 250г,88,4.8,Покупайте за 1₽,https://magnit.ru/product/1000229307?shopCode=694420&shopType=express,False,https://images-foodtech.magnit.ru/h05BJyMyw5x1tc_jC0wftFmuScG5KzWrVdqVFMumpe0/rs:fit:1600:1600/plain/s3://img-dostavka/catalog/uf/e80/e80ab6c8cd12a6da88e2900c606f8c60/aef8b07a31695649d0d3511656508cb5.jpeg@webp,159.0,
1000493946,Макароны Fleur Alpine Паста в форме звездочек 250г,89,4.8,Покупайте за 1₽,https://magnit.ru/product/1000493946?shopCode=694420&shopType=express,False,https://images-foodtech.magnit.ru/TZ4uEALBxy7tV1vyVunDD8hP0cubLycHMvgxxJKQ1j4/rs:fit:1600:1600/plain/s3://img-dostavka/catalog/uf/0ef/0efda347e9bf7e62124fa7c2fcf040e9/eb96fc1debbc35732e4929a30af7607d.jpeg@webp,245.0,198.0
1000452314,Сыр Село Зеленое Гауда Премиум нарезка 40% 130г,90,4.9,Покупайте за 1₽,https://magnit.ru/product/1000452314?shopCode=694420&shopType=express,False,https://images-foodtech.magnit.ru/AcZsCcBzGYSoNJP27y1FfVRKy_0NyiXvlLveGOuOSlM/rs:fit:1600:1600/plain/s3://img-dostavka/catalog/uf/da1/da15cc8c098da9ee8408c170bfa615f3/d898dafb02b191448ce3b97e8e5cc620.jpeg@webp,189.0,149.0
1000396703,Молоко Магнит цельное концентрированное 300г,91,4.6,Покупайте за 1₽,https://magnit.ru/product/1000396703?shopCode=694420&shopType=express,False,https://images-foodtech.magnit.ru/Wara8XGmQldIZekLc_gOisRLImPRpLI5hVUHgpc0Uhk/rs:fit:1600:1600/plain/s3://img-dostavka/catalog/uf/61d/61d68ae922fccb1486d6ba7e0f2749a4/a0bc950f5910bb515d8cfa23b535a564.jpeg@webp,129.0,104.0
8000024610,Конфеты желейные с вишневой начинкой в молочной шоколадной глазури Шоколадница 160г,92,4.8,Покупайте за 1₽,https://magnit.ru/product/8000024610?shopCode=694420&shopType=express,False,https://images-foodtech.magnit.ru/wEsrztn1hmVB7RCRVGeuJBlhjR37g8J_Yq0Bz9bj2QU/rs:fit:1600:1600/plain/s3://img-dostavka/catalog/uf/d01/d0100327a22c5cef5dd4ccbb5484aed7/c2cf56e06acdcb53134275c9a88681a4.jpeg@webp,229.0,153.0
1000584737,Напиток Rich Спритц Красный апельсин безалкогольный 1л,93,4.7,Покупайте за 1₽,https://magnit.ru/product/1000584737?shopCode=694420&shopType=express,False,https://images-foodtech.magnit.ru/uJFYCxoqBcSQeUGHsM5NEDoF2Ub69D7BXsfGhWdnMc0/rs:fit:1600:1600/plain/s3://img-dostavka/catalog/uf/1a3/1a3ddac1dce9fcfaedd0373e6f596826/c990dd732afab3c53d94154f1a90279c.jpeg@webp,119.0,
8000072126,Сыр Ореховый Радость вкуса 40% 180г,94,5.0,Покупайте за 1₽,https://magnit.ru/product/8000072126?shopCode=694420&shopType=express,False,https://images-foodtech.magnit.ru/mmOCOrVcuGH0NnL6ahQU2R2BQ_O6TFD6l9oiqcbkaqQ/rs:fit:1600:1600/plain/s3://img-dostavka/catalog/uf/21d/21d779c3dc54efae174cd3ed32b63cf1/be77a30db584b1fd843a923ff94a9988.jpeg@webp,269.0,215.0
1000435414,Масло детское Мое солнышко с алоэ 200мл,95,4.6,Покупайте за 1₽,https://magnit.ru/product/1000435414?shopCode=694420&shopType=express,False,https://images-foodtech.magnit.ru/C1cnemGWYODGMCL9adwm0nnJV_ydm9xbdC1u6AsHDlY/rs:fit:1600:1600/plain/s3://img-dostavka/catalog/uf/909/909eace992f01c2776e389ad37f3b5d7/91a8f0065f5c5820bbc674b784132c9e.jpeg@webp,212.0,169.0
8000097057,Молочный коктейль безлактозный со вкусом шоколада Hyper 0.5% 250г,96,4.9,Покупайте за 1₽,https://magnit.ru/product/8000097057?shopCode=694420&shopType=express,False,https://images-foodtech.magnit.ru/4nNuOocqMJI_5mU5c8RZX0654jncd5Am62hEi51hGAE/rs:fit:1600:1600/plain/s3://img-dostavka/catalog/uf/b49/b4988668d2ca2514b70d91eb6d700c72/fab893c83904c5e892ef395ea482d095.jpeg@webp,173.0,
1049993164,Губка для обуви Salton для гладкой кожи черная,97,4.9,Покупайте за 1₽,https://magnit.ru/product/1049993164?shopCode=694420&shopType=express,False,https://images-foodtech.magnit.ru/iIufMy7JzvrJmcKNNf1ef_B0DABk1uNkdr21g65VlZU/rs:fit:1600:1600/plain/s3://img-dostavka/catalog/uf/d7c/d7cfff1a31e0557a8042849b6b0fbec0/69128075b80d9559998217ea41f6c372.jpeg@webp,194.0,109.0
1000273987,Печенье Овсяное с кусочками шоколада Хлебный спас 250г,98,4.7,Покупайте за 1₽,https://magnit.ru/product/1000273987?shopCode=694420&shopType=express,False,https://images-foodtech.magnit.ru/3dS-a7LXW6p1LxZN88ivVq7u1JoOTmOuNZQ2xtXooz8/rs:fit:1600:1600/plain/s3://img-dostavka/catalog/uf/596/59611650026cb41c071107d29fc09f16/68f1f607612c94bade360298da080a53.jpeg@webp,166.0,109.0
1000155122,Маслины Бондюэль с косточкой 300г,99,4.9,Покупайте за 1₽,https://magnit.ru/product/1000155122?shopCode=694420&shopType=express,False,https://images-foodtech.magnit.ru/jnzyGACG4rfrSZiQqFMGFymOreCuUCx7bDI4BlMS4Jo/rs:fit:1600:1600/plain/s3://img-dostavka/catalog/uf/81c/81c66de51b03d5779cf3bd383d6b65ed/9fd81f95a55d9dcde18424d74e809b49.jpeg@webp,198.0,
1457700005,Арахис Джаз жареный соленый 150г,100,4.8,Покупайте за 1₽,https://magnit.ru/product/1457700005?shopCode=694420&shopType=express,False,https://images-foodtech.magnit.ru/K_5mZbHYSRwUke0CrbC0H7wFcO-zsR2TmTc1YsclLwU/rs:fit:1600:1600/plain/s3://img-dostavka/catalog/uf/9ef/9ef568ddd1acfb2b87bda2cc17778c9c/0f84e6b6659cf0f2e2786f6a6081dabd.jpeg@webp,168.0,126.0
8000045614,Дамплинги Уплетоны с курицей Тай Чили 150г,101,4.7,Покупайте за 1₽,https://magnit.ru/product/8000045614?shopCode=694420&shopType=express,False,https://images-foodtech.magnit.ru/dQ6H46OolqsUgPKaxaNgoj_5k1AtdwqKrnDKp-s1Dco/rs:fit:1600:1600/plain/s3://img-dostavka/catalog/uf/4e5/4e51e8bbc91b1fb91d4d1eaaa74d191b/6d615ada801c6671b78b413913e6c61b.jpeg@webp,239.0,186.0
1000563616,Напиток Green Milk Barista соевый миндаль 1л,102,4.5,Покупайте за 1₽,https://magnit.ru/product/1000563616?shopCode=694420&shopType=express,False,https://images-foodtech.magnit.ru/O8yHApMevjubvQH5gbZYqkaaD8Y3j5mWD_m3G03GqBM/rs:fit:1600:1600/plain/s3://img-dostavka/catalog/uf/e2a/e2adc592872cac972192e6dfbb4210ed/5fc022e4bb14456a3983a2e4ec4ed85d.jpeg@webp,284.0,
1000440467,Напиток Fancy 1.5л,103,4.8,Покупайте за 1₽,https://magnit.ru/product/1000440467?shopCode=694420&shopType=express,False,https://images-foodtech.magnit.ru/dvS6qqgF9G5U4-QAR-drD2k5Mq1ZgQ9gnBLPE0GbbBw/rs:fit:1600:1600/plain/s3://img-dostavka/catalog/uf/c80/c8077c5891d687bc9a28cb01e387cfb6/6554fa2daade5aeaae1ce7638cc80e10.jpeg@webp,114.0,
8000075258,Напиток со вкусом ежевики Dr. Pepper Blackberry 355мл,104,5.0,Покупайте за 1₽,https://magnit.ru/product/8000075258?shopCode=694420&shopType=express,False,https://images-foodtech.magnit.ru/q3KtJxTPJ8adxYfWAxyJcdxTYkVnPwxCOufHTx3kXZA/rs:fit:1600:1600/plain/s3://img-dostavka/catalog/uf/318/3187747eb6dbdb4b7a92c01ab4981180/119e6764fce38b497f61c35d62f43b32.jpeg@webp,179.0,159.0
8000075258,Напиток со вкусом ежевики Dr. Pepper Blackberry 355мл,104,5.0,Покупайте за 1₽,https://magnit.ru/product/8000075258?shopCode=694420&shopType=express,False,https://images-foodtech.magnit.ru/q3KtJxTPJ8adxYfWAxyJcdxTYkVnPwxCOufHTx3kXZA/rs:fit:1600:1600/plain/s3://img-dostavka/catalog/uf/318/3187747eb6dbdb4b7a92c01ab4981180/119e6764fce38b497f61c35d62f43b32.jpeg@webp,179.0,159.0
1000286796,Напиток Schweppes Citrus Mix безалкогольный 330мл,105,5.0,Покупайте за 1₽,https://magnit.ru/product/1000286796?shopCode=694420&shopType=express,False,https://images-foodtech.magnit.ru/_UryTo2rWDdUfwrVZUrn36AbQ-KJpnfITY99PfpdECw/rs:fit:1600:1600/plain/s3://img-dostavka/catalog/uf/b1e/b1e42ee0a58bb0d91152c66a9006ad6c/22cbe2b74b7177ea176bacac0ebd90a3.jpeg@webp,129.0,
1000526134,Нектар манговый Premiere of taste 1л,106,4.7,Покупайте за 1₽,https://magnit.ru/product/1000526134?shopCode=694420&shopType=express,False,https://images-foodtech.magnit.ru/h4a2E6LzqJptp14Ok4V62mghN4clkMYHKfcN-ZxiHTk/rs:fit:1600:1600/plain/s3://img-dostavka/catalog/uf/1e0/1e0620c5bb67e324e903bc161e1c7d20/d0a71158b72bf881264be755cd56aa05.jpeg@webp,189.0,136.0
8000097055,Молочный коктейль безлактозный со вкусом банана Hyper 0.4% 250г,107,4.7,Покупайте за 1₽,https://magnit.ru/product/8000097055?shopCode=694420&shopType=express,False,https://images-foodtech.magnit.ru/PpInrJInjQzfoOW6BWpOajuyloBghqez07Sl1PWyPvQ/rs:fit:1600:1600/plain/s3://img-dostavka/catalog/uf/24a/24aa41113cec53fa23a37644e2afd26f/52aa16f53723d5e96e6a0f27829f9a6a.jpeg@webp,173.0,
8000041737,Борщ по-домашнему Delilabs 300г,108,3.0,Покупайте за 1₽,https://magnit.ru/product/8000041737?shopCode=694420&shopType=express,False,https://images-foodtech.magnit.ru/mQMnkn-YiRz2z_vBhjCCN8tjL25eAPp0dljJFZgNz60/rs:fit:1600:1600/plain/s3://img-dostavka/catalog/uf/8b2/8b21b8de72167d5e4d9408e8a9d6c6e7/416b699649d8c6d513c4d09948d979ea.jpeg@webp,259.0,230.0
1000454017,Сыр Гиагинский Ассорти №1 40% 100г,109,4.7,Покупайте за 1₽,https://magnit.ru/product/1000454017?shopCode=694420&shopType=express,False,https://images-foodtech.magnit.ru/D8f1JI0uHs01JjdHRu1hLx9Ixi1YB5J7zXU1li5Gzto/rs:fit:1600:1600/plain/s3://img-dostavka/catalog/uf/3cd/3cd345b54000d9a98dcb7a0612c162ed/6b1f6859497c1effc0441cfb4fd398b3.jpeg@webp,239.0,214.0
1000302693,Батончик протеиновый Bombbar Пудинг Манго-банан 60г,110,4.4,Покупайте за 1₽,https://magnit.ru/product/1000302693?shopCode=694420&shopType=express,False,https://images-foodtech.magnit.ru/At6aPCXAZ8E-yP4zguI8vbX_oTCjt6A7X1sL_KBqyIM/rs:fit:1600:1600/plain/s3://img-dostavka/catalog/uf/bcb/bcbab1bb5148f18f7c3309b522585fbd/56fa2bd3a3a3f06216b8fbe1853b49a1.jpeg@webp,179.0,109.0
8000043621,Батончик глазированный Bionova с коллагеном Печенье-крем 40г,111,5.0,Покупайте за 1₽,https://magnit.ru/product/8000043621?shopCode=694420&shopType=express,False,https://images-foodtech.magnit.ru/26-p4GR27iODqGMJvrTaWIKcfBqlJnos0IRhimy2oH0/rs:fit:1600:1600/plain/s3://img-dostavka/catalog/uf/8cd/8cd0d41a450614691694f6786b52ab2b/449e7ccfa0aa91048fd6443ac6e85c40.jpeg@webp,104.0,
8000075811,Сыр полутвердый Манчего Burenka Club 45% 125г,112,3.0,Покупайте за 1₽,https://magnit.ru/product/8000075811?shopCode=694420&shopType=express,False,https://images-foodtech.magnit.ru/DGMKJlcvJt7CnKyNARVUa3VjtrZA5LKvQmkcAD7Dwd4/rs:fit:1600:1600/plain/s3://img-dostavka/catalog/uf/4d1/4d1a87aa57ef4237cf19824c322e8d90/8d65c8d8d9cb564a4ba322d4a9701a88.jpeg@webp,257.0,
8000043612,Батончик протеиновый Bionova Солёный крем-ирис 50г,113,5.0,Покупайте за 1₽,https://magnit.ru/product/8000043612?shopCode=694420&shopType=express,False,https://images-foodtech.magnit.ru/YjCjWLfrMRpTKNxUAtsNfoksrRXO0paoCmryWjLtT2c/rs:fit:1600:1600/plain/s3://img-dostavka/catalog/uf/f52/f527c5792670ff4babf7f5ab939693e1/8a219e1e4b456d0e9c7271f7b045fa77.jpeg@webp,125.0,
1000278675,Нектар Мамина дача тыквенный с мякотью 750мл,114,4.8,Покупайте за 1₽,https://magnit.ru/product/1000278675?shopCode=694420&shopType=express,False,https://images-foodtech.magnit.ru/xcYTs4xiROY5SoxP1aFQCginjnQW-fh2e4GKT2iZqvg/rs:fit:1600:1600/plain/s3://img-dostavka/catalog/uf/405/405212c22217ceb5a218ce2759dd9631/8dae98bb211b811fba7445de82724410.jpeg@webp,169.0,
1000370125,Конфеты жевательные со вкусом апельсина вишни малины и клубники Mamba 79.5г,115,4.8,Покупайте за 1₽,https://magnit.ru/product/1000370125?shopCode=694420&shopType=express,False,https://images-foodtech.magnit.ru/f3UjDQduWcazHP43YaN-eRLWRdE2Gg-r9yN6Kpb24nc/rs:fit:1600:1600/plain/s3://img-dostavka/catalog/uf/67d/67d3549bca50ccf8a4c97ebd76c2ab1e/cd6ba97048d2525598501a4e43efe641.jpeg@webp,159.0,
1000578606,Напиток кисломолочный Спа эффект Actitan 0.5% 200мл,116,4.7,Покупайте за 1₽,https://magnit.ru/product/1000578606?shopCode=694420&shopType=express,False,https://images-foodtech.magnit.ru/1T8zj4wj4mMztirr4Na1GEmw7OCTf5C_R6ia-RG0NR0/rs:fit:1600:1600/plain/s3://img-dostavka/catalog/uf/0f5/0f53ca50ef6c7be18d1d29ce76bc9437/2b95cf5d85cf623b34c5a4c9b7bdb73e.jpeg@webp,99.0,
8000075254,Напиток со вкусом персика Fanta Peach 355мл,117,,Покупайте за 1₽,https://magnit.ru/product/8000075254?shopCode=694420&shopType=express,False,https://images-foodtech.magnit.ru/DtvNbtXma8U5_uVm-r5Ga4o-8XQ4BMpjlEyNde2Oq4w/rs:fit:1600:1600/plain/s3://img-dostavka/catalog/uf/c78/c78659a666717bfdf151a49ac185630e/372859d3d95202245300f51e6c358f6c.jpeg@webp,169.0,
8000075254,Напиток со вкусом персика Fanta Peach 355мл,117,,Покупайте за 1₽,https://magnit.ru/product/8000075254?shopCode=694420&shopType=express,False,https://images-foodtech.magnit.ru/DtvNbtXma8U5_uVm-r5Ga4o-8XQ4BMpjlEyNde2Oq4w/rs:fit:1600:1600/plain/s3://img-dostavka/catalog/uf/c78/c78659a666717bfdf151a49ac185630e/372859d3d95202245300f51e6c358f6c.jpeg@webp,169.0,
1000132400,Кисель Ростагроэкспорт Клюквенный 500мл,118,4.9,Покупайте за 1₽,https://magnit.ru/product/1000132400?shopCode=694420&shopType=express,False,https://images-foodtech.magnit.ru/WCbKXWlEgfBxRmAdDptUaSHKdd2KqleBlLtnFp4n5rE/rs:fit:1600:1600/plain/s3://img-dostavka/catalog/uf/ced/cedc5166145021ce79bc636bdf201159/aeb68046337616dd3c5cb9c21998c8a5.jpeg@webp,99.0,
1000375440,Сельдь тихоокеанская в желе Доброфлот 260г,119,4.3,Покупайте за 1₽,https://magnit.ru/product/1000375440?shopCode=694420&shopType=express,False,https://images-foodtech.magnit.ru/M2A3Ai7Z2nzpaL1bB2B6dVUUzlOxpSNZkMiHbnhHwCk/rs:fit:1600:1600/plain/s3://img-dostavka/catalog/uf/b0a/b0a1e56451a1a9dfbd05f92aca3453ae/343b0ff618dedd4d1734c2ab610a5586.jpeg@webp,179.0,
1000277358,Чай черный Beta Tea Mix Fruit 90г,120,4.7,Покупайте за 1₽,https://magnit.ru/product/1000277358?shopCode=694420&shopType=express,False,https://images-foodtech.magnit.ru/14_C1jPvyd7waTR6LhbZ6piv6v_7A_wLqwqIgg1O4kY/rs:fit:1600:1600/plain/s3://img-dostavka/catalog/uf/6dc/6dcbdb1bd4b185f06b53c31ba4402e48/f5d97c8a1640413cc705a932dc6659ac.jpeg@webp,189.0,
1000111732,Конфеты Красный октябрь Ирис Золотой ключик 250г,121,4.8,Покупайте за 1₽,https://magnit.ru/product/1000111732?shopCode=694420&shopType=express,False,https://images-foodtech.magnit.ru/sQd6nEsUCt20cdsx09VKpHFwklR08Alkuzy-uFA4134/rs:fit:1600:1600/plain/s3://img-dostavka/catalog/uf/6fa/6fa9940579da463c46c47e1d73a0f7e9/e37216f1cf109d6222288fb55794a38d.jpeg@webp,194.0,168.0
1000216535,Чай зеленый Зеленый Дракон крупнолистовой 100г,122,4.7,Покупайте за 1₽,https://magnit.ru/product/1000216535?shopCode=694420&shopType=express,False,https://images-foodtech.magnit.ru/LBJ0yq5eyXIpXRZC83AksyqwATeuaw9o0-sJsfXExK4/rs:fit:1600:1600/plain/s3://img-dostavka/catalog/uf/584/58416ac05ce76e41da9daad95f26646f/d3a93455e5170abc0473eadd379a3533.jpeg@webp,139.0,119.0
8000062611,Рисовая каша на молоке с манго и миндалем 250г,123,4.8,Покупайте за 1₽,https://magnit.ru/product/8000062611?shopCode=694420&shopType=express,False,https://images-foodtech.magnit.ru/UNr8sWaVaYVkZ3x2SIMXKP3hrBW-fQC7oTRSUm6nfxM/rs:fit:1600:1600/plain/s3://img-dostavka/catalog/uf/c67/c674a434fc48e4a80b5229c42b61a8ec/c4857e4d1cbfc149196dcaed9283c4c8.jpeg@webp,249.0,139.0
8000043617,Батончик глазированный Bionova с коллагеном Шоколад-Банан 40г,124,,Покупайте за 1₽,https://magnit.ru/product/8000043617?shopCode=694420&shopType=express,False,https://images-foodtech.magnit.ru/uoHJkPE_IP1KeM8LcTLWv9tyQFXhV6tSJ1rnNCYWiDc/rs:fit:1600:1600/plain/s3://img-dostavka/catalog/uf/777/777c22560ecfbf33b0848db9d0c3909a/86c04d17c95ca61b9c324ecfb402f205.jpeg@webp,129.0,104.0
8000075252,Напиток со вкусом клубники Fanta Strawberry 355мл,125,,Покупайте за 1₽,https://magnit.ru/product/8000075252?shopCode=694420&shopType=express,False,https://images-foodtech.magnit.ru/mxVZUvBlLYPjw7_NsgezLKPPk1tqNYKjQYAmCOW5Nns/rs:fit:1600:1600/plain/s3://img-dostavka/catalog/uf/cf5/cf57b2a51c5bd0ee3ecddb5046ec01bc/6d13a6496f12e0169c6a451c4a33a9b7.jpeg@webp,199.0,169.0
8000075252,Напиток со вкусом клубники Fanta Strawberry 355мл,125,,Покупайте за 1₽,https://magnit.ru/product/8000075252?shopCode=694420&shopType=express,False,https://images-foodtech.magnit.ru/mxVZUvBlLYPjw7_NsgezLKPPk1tqNYKjQYAmCOW5Nns/rs:fit:1600:1600/plain/s3://img-dostavka/catalog/uf/cf5/cf57b2a51c5bd0ee3ecddb5046ec01bc/6d13a6496f12e0169c6a451c4a33a9b7.jpeg@webp,199.0,169.0
8000058027,Риет рыбный с соусом терияки Меридиан 100г,126,4.3,Покупайте за 1₽,https://magnit.ru/product/8000058027?shopCode=694420&shopType=express,False,https://images-foodtech.magnit.ru/ygiKak7wyinePNU9jMICRDF-wYRQAOz24zEJkdxTOhA/rs:fit:1600:1600/plain/s3://img-dostavka/catalog/uf/744/744ca63dd01542e3ee8e568524ca246e/71ca16536cbf9f9e9e1465892a404bc5.jpeg@webp,189.0,154.0
8000064744,Макароны без глютена из гречневой муки Federici Linguine 250г,127,1.0,Покупайте за 1₽,https://magnit.ru/product/8000064744?shopCode=694420&shopType=express,False,https://images-foodtech.magnit.ru/EQbr2WgqqAOid58lp_CbGfkg8Hj2g7tr5DBcfp2NNtU/rs:fit:1600:1600/plain/s3://img-dostavka/catalog/uf/0fd/0fd1821af1f0d155c86ae9f4b261a211/13322665349281cd0f8b991b8f8557d2.jpeg@webp,179.0,123.0
1000449792,Имбирный пряник на палочке с глазурью Sofi 45г в ассортименте,128,4.7,Покупайте за 1₽,https://magnit.ru/product/1000449792?shopCode=694420&shopType=express,False,https://images-foodtech.magnit.ru/M7gdwnTojLdT-VXdSOQAH7qwu5LFZVR_1XkdpDqRGzw/rs:fit:1600:1600/plain/s3://img-dostavka/catalog/uf/591/5910365a3fc6c7e58f55f1458eaecb7b/5d34be7fdd446a5b1249cb9a287b3502.jpeg@webp,219.0,185.0
8000050658,Напиток винограда с кусочками желе Sac Sac Coco Rich 280мл,129,4.6,Покупайте за 1₽,https://magnit.ru/product/8000050658?shopCode=694420&shopType=express,False,https://images-foodtech.magnit.ru/hl52bSExFiFrNrbcK4R1kT0hKORWjRf3XelsVnrw0n4/rs:fit:1600:1600/plain/s3://img-dostavka/catalog/uf/66e/66ef550b335265f6c12c9100a94c557d/f94c48bccca381f8cb8f6889b86313dd.jpeg@webp,249.0,
1000521563,Лимонад Эконад Антистресс 500мл,130,3.6,Покупайте за 1₽,https://magnit.ru/product/1000521563?shopCode=694420&shopType=express,False,https://images-foodtech.magnit.ru/I83OMWqNCF2lPKfXlItVR8djAoPcNopNHHWB2oDTLkg/rs:fit:1600:1600/plain/s3://img-dostavka/catalog/uf/b97/b97c42a0fa5ae1d25cd03fd594c1cd3c/735cd0a15e4adfc2798fed1d4cf46584.jpeg@webp,199.0,155.0
1000521564,Напиток Эконад Лимонад Иммунитет 500мл,131,4.5,Покупайте за 1₽,https://magnit.ru/product/1000521564?shopCode=694420&shopType=express,False,https://images-foodtech.magnit.ru/-IoC6krpKF9t7eMHMFPOKvXmXtME3QFwFmvK4Ytlml0/rs:fit:1600:1600/plain/s3://img-dostavka/catalog/uf/d33/d33157e57490ae6ba409b12a84099ad4/9bb869e4a6d900f6231e54e5e83707a6.jpeg@webp,199.0,159.0
8000045471,Молочный кофейный напиток Ваниль Natura Selection Latte 2.7% 220мл,132,3.6,Покупайте за 1₽,https://magnit.ru/product/8000045471?shopCode=694420&shopType=express,False,https://images-foodtech.magnit.ru/qMoQqc7T2fDRPAwEN43pRrxETGLhXzyrtJvdhoAAAOk/rs:fit:1600:1600/plain/s3://img-dostavka/catalog/uf/833/833598a367f4db057a0d04b1312b68a5/5220ac9040b44cb20217645bb9c17ba0.jpeg@webp,219.0,167.0
